time_s,side,hip_angle_deg,knee_angle_deg,ankle_angle_deg,hip_speed_rad_s,knee_speed_rad_s,ankle_speed_rad_s,hip_accel_rad_s2,knee_accel_rad_s2,ankle_accel_rad_s2,hip_reaction_nm,knee_motor_nm,ankle_motor_nm,hip_power_w,knee_power_w,ankle_power_w
0.000000,left,-90.000000,0.000000,90.000000,-1.568282,-0.500426,0.630643,-2.884258,8.172752,6.503739,3.387313,4.318929,3.480111,-5.312260,-2.161306,2.194709
0.040000,left,-93.791700,-0.679100,91.860600,-1.635922,-0.036923,0.960997,-0.031646,8.568676,4.802099,9.444560,6.712514,3.407124,-15.450561,-0.247846,3.274235
0.080000,left,-97.471500,-0.307000,94.355700,-1.526294,0.366300,1.154081,2.651916,6.909100,1.654250,12.428335,7.769696,3.065133,-18.969296,2.846037,3.537413
0.120000,left,-100.765900,0.909400,97.141800,-1.300535,0.648345,1.156714,4.294733,3.814092,-2.027859,10.772981,7.004402,2.592923,-14.010636,4.541272,2.999269
0.160000,left,-103.375800,2.670400,99.638600,-1.050581,0.776936,0.959448,4.696886,0.002902,-5.354945,5.245369,4.803015,2.149374,-5.510687,3.731635,2.062213
0.200000,left,-105.510300,4.427000,101.543900,-0.825990,0.671091,0.606587,4.116082,-4.037472,-7.607473,-2.969209,1.629258,1.818992,2.452536,1.093381,1.103377
0.240000,left,-107.151700,5.730600,102.408100,-0.662354,0.363208,0.183250,2.854355,-7.192343,-8.354723,-11.868174,-1.720995,1.653996,7.860928,-0.625079,0.303095
0.280000,left,-108.586700,6.124600,102.298300,-0.572011,-0.073601,-0.227740,1.199756,-8.833142,-7.407508,-20.465240,-4.873285,1.669281,11.706344,0.358678,-0.380162
0.320000,left,-109.843600,5.340000,101.379600,-0.568695,-0.547100,-0.552557,-0.195636,-8.462153,-5.015623,-26.303356,-6.919331,1.861298,14.958581,3.785567,-1.028474
0.360000,left,-111.153300,3.586200,99.883900,-0.647998,-0.950226,-0.716903,-0.927513,-6.170598,-1.790457,-28.116381,-7.378217,2.188737,18.219369,7.010975,-1.569111
0.400000,left,-112.675400,1.092200,98.094200,-0.756676,-1.188942,-0.702834,-0.595412,-2.405778,1.341762,-24.785382,-5.890806,2.559462,18.754502,7.003826,-1.798876
0.440000,left,-114.619500,-1.825500,96.569600,-0.814054,-1.201794,-0.525866,0.474422,1.822646,3.672126,-18.415813,-3.313688,2.833696,14.991473,3.982371,-1.490145
0.480000,left,-116.568700,-4.461200,95.700200,-0.764512,-0.977792,-0.243342,1.905844,5.175083,4.477060,-11.557607,-0.655271,2.888471,8.835933,0.640719,-0.702886
0.520000,left,-118.231800,-6.382900,95.494900,-0.615838,-0.597798,0.026957,3.161601,6.957845,3.635689,-6.922125,1.060662,2.746781,4.262908,-0.634061,0.074044
0.560000,left,-119.292300,-7.204800,95.824300,-0.412600,-0.196403,0.175155,3.713967,6.977603,1.675500,-6.239735,1.203938,2.513920,2.574514,-0.236457,0.440325
0.600000,left,-120.005300,-7.049900,96.416900,-0.232404,0.108167,0.178791,3.409000,5.638490,-0.600583,-9.584428,-0.194208,2.273133,2.227460,-0.021007,0.406415
0.640000,left,-120.397800,-6.562900,96.690400,-0.098588,0.285962,0.071585,2.553387,3.718914,-2.606323,-15.033091,-2.400604,2.058293,1.482088,-0.686482,0.147344
0.680000,left,-120.484400,-5.872000,96.551700,-0.002363,0.359834,-0.104951,1.170856,1.830166,-4.037143,-21.810159,-5.066888,1.873004,0.051532,-1.823240,-0.196574
0.720000,left,-120.488300,-5.065100,96.092400,0.043496,0.366285,-0.332726,-0.539831,0.734205,-4.309228,-28.570113,-7.590916,1.760309,-1.242687,-2.780442,-0.585700
0.760000,left,-120.408600,-4.160100,95.197400,-0.022112,0.347966,-0.559604,-2.125208,0.610941,-3.252614,-33.649540,-9.342892,1.740688,0.744070,-3.251005,-0.974097
0.800000,left,-120.427700,-3.316700,93.741800,-0.201363,0.323179,-0.734075,-2.759400,1.351069,-1.051516,-34.670461,-9.469671,1.834606,6.981340,-3.060401,-1.346739
0.840000,left,-121.069400,-2.675400,91.766100,-0.427495,0.351403,-0.762621,-1.686346,2.901376,1.843738,-29.567600,-7.173823,2.070578,12.639998,-2.520902,-1.579066
0.880000,left,-122.382400,-1.784900,90.077500,-0.565355,0.494580,-0.592315,1.016029,4.825554,4.755394,-18.901094,-2.619098,2.429063,10.685829,-1.295353,-1.438771
0.920000,left,-123.806200,-0.441600,89.030900,-0.476466,0.769674,-0.255659,4.610205,6.532728,6.748302,-5.490216,3.015037,2.800423,2.615899,2.320595,-0.715952
0.960000,left,-124.726500,1.708600,88.986800,-0.132926,1.131202,0.136135,7.873482,7.316256,7.242212,5.834717,7.800542,3.114465,-0.775587,8.823990,0.423987
1.000000,left,-124.436900,4.776600,89.755800,0.357249,1.495366,0.474387,9.633840,6.741733,6.152248,10.958578,10.182248,3.368967,3.914942,15.226189,1.598193
1.040000,left,-122.898000,8.583300,91.181200,0.855165,1.797960,0.711032,9.462379,4.958577,4.175155,8.884849,9.923278,3.575844,7.598013,17.841655,2.542540
1.080000,left,-120.394600,12.963500,92.953900,1.265473,1.972409,0.836521,7.644790,2.380606,1.671915,1.479199,7.795543,3.673213,1.871887,15.376001,3.072719
1.120000,left,-117.186300,17.606100,94.932100,1.539000,2.007043,0.850020,4.812240,-0.431117,-0.799423,-8.022784,4.915808,3.618237,-12.347064,9.866236,3.075574
1.160000,left,-113.464800,22.155900,96.782100,1.677597,1.913617,0.743259,1.697538,-3.071373,-2.826080,-16.537043,2.252609,3.417356,-27.742489,4.310630,2.539981
1.200000,left,-109.536900,26.276900,98.393200,1.678643,1.706610,0.539288,-1.349565,-5.206429,-3.920266,-22.918236,0.071092,3.098101,-38.471544,0.121326,1.670769
1.240000,left,-105.797900,29.901500,99.342600,1.523749,1.419594,0.301117,-3.738277,-6.507738,-3.980765,-25.850461,-1.175846,2.698555,-39.389614,-1.669224,0.812580
1.280000,left,-102.536300,32.828100,99.699000,1.260960,1.100825,0.109341,-5.075813,-6.984873,-3.182279,-25.230232,-1.330743,2.314265,-31.814326,-1.464916,0.253044
1.320000,left,-99.962900,34.940800,99.697400,0.973080,0.789086,0.003757,-5.212667,-6.819449,-1.984618,-21.557806,-0.369113,2.019352,-20.977468,-0.291262,0.007586
1.360000,left,-98.196300,36.350600,99.691600,0.734099,0.510473,-0.013884,-4.377639,-6.283839,-0.818919,-16.017724,1.418975,1.830862,-11.758595,0.724348,-0.025420
1.400000,left,-96.722300,37.260400,99.735100,0.581341,0.282673,0.007495,-3.057788,-5.611243,-0.219715,-9.648102,3.603078,1.698132,-5.608835,1.018493,0.012727
1.440000,left,-95.463400,37.685200,99.780000,0.513453,0.086552,0.025108,-1.764900,-5.028154,-0.205459,-3.933755,5.559745,1.592632,-2.019800,0.481208,0.039988
1.480000,left,-94.308200,37.686600,99.823000,0.494737,-0.102362,0.016539,-0.887145,-4.578384,-0.530505,0.186566,6.913764,1.510638,0.092301,-0.707706,0.024984
1.520000,left,-93.185800,37.268900,99.863000,0.483577,-0.287282,-0.014118,-0.533015,-4.106931,-0.871666,2.649268,7.659767,1.466300,1.281125,-2.200515,-0.020701
1.560000,left,-92.069300,36.402200,99.787500,0.474768,-0.453189,-0.062717,-0.337716,-3.451247,-1.115452,4.694617,8.260824,1.460597,2.228853,-3.743715,-0.091605
1.600000,left,-90.976800,35.186200,99.566300,0.463003,-0.587667,-0.122617,-0.244674,-2.602909,-1.221159,6.519811,8.795760,1.490557,3.018693,-5.168978,-0.182767
1.640000,left,-89.926200,33.723000,99.206100,0.451941,-0.675224,-0.180941,-0.187285,-1.624575,-1.155617,8.290389,9.318422,1.548615,3.746767,-6.292019,-0.280207
1.680000,left,-88.935500,32.114900,98.733500,0.446184,-0.705857,-0.226552,-0.142665,-0.815002,-0.941727,9.798129,9.704126,1.616470,4.371764,-6.849722,-0.366214
1.720000,left,-87.904000,30.464100,98.173600,0.446325,-0.701904,-0.259661,-0.128926,-0.350839,-0.676700,10.912698,9.870619,1.676401,4.870609,-6.928226,-0.435296
1.760000,left,-86.869000,28.872900,97.551900,0.446976,-0.690734,-0.281147,-0.184438,-0.193981,-0.400507,11.520872,9.804313,1.726134,5.149558,-6.772176,-0.485297
1.800000,left,-85.847800,27.374500,96.893400,0.440735,-0.692996,-0.289547,-0.323991,-0.215397,-0.169442,11.682765,9.555947,1.766192,5.149003,-6.622236,-0.511395
1.840000,left,-84.857500,25.766700,96.223400,0.422853,-0.713598,-0.287162,-0.524772,-0.243277,-0.017715,11.580786,9.194647,1.804898,4.896966,-6.561278,-0.518298
1.880000,left,-83.915300,24.073700,95.567200,0.392632,-0.740286,-0.279952,-0.597527,-0.117139,0.046899,11.964734,9.022898,1.845755,4.697742,-6.679522,-0.516722
1.920000,left,-83.038400,22.348600,94.950000,0.363239,-0.744252,-0.274033,-0.626371,0.110800,0.040481,12.539461,8.934143,1.886131,4.554816,-6.649251,-0.516862
1.960000,left,-82.244000,20.644800,94.330100,0.341244,-0.718097,-0.273303,-0.713562,0.276072,0.000102,12.803987,8.728965,1.919930,4.369285,-6.268243,-0.524723
2.000000,left,-81.549200,19.015800,93.696400,0.323185,-0.693627,-0.277277,-0.967607,0.306488,-0.033674,12.308375,8.244009,1.945597,3.977882,-5.718270,-0.539470
2.040000,left,-80.797800,17.514700,93.052400,0.300166,-0.674971,-0.284596,-1.563765,0.127641,0.025502,10.545661,7.274094,1.955465,3.165452,-4.909802,-0.556517
2.080000,left,-80.157400,15.981200,92.401900,0.239879,-0.670869,-0.281629,-2.430501,-0.235636,0.097471,7.544296,5.823773,1.950823,1.809720,-3.906990,-0.549408
2.120000,left,-79.712600,14.348900,91.755700,0.118137,-0.678761,-0.270695,-3.336672,-0.882284,0.098496,3.805904,4.060379,1.929747,0.449619,-2.756028,-0.522373
2.160000,left,-79.565600,12.793600,91.118000,-0.052413,-0.710881,-0.265768,-4.178841,-1.796636,0.129025,-0.374562,2.145489,1.907206,0.019632,-1.525188,-0.506875
2.200000,left,-79.964100,11.090700,90.576000,-0.236183,-0.814086,-0.283385,-5.004340,-2.296806,0.611087,-4.628765,0.331968,1.956123,1.093235,-0.270250,-0.554336
2.240000,left,-80.826800,9.210400,89.981300,-0.441864,-0.994720,-0.292111,-5.898240,-1.553995,1.769531,-8.155379,-0.967223,2.143390,3.603567,0.962116,-0.626108
2.280000,left,-82.053300,6.856700,89.327300,-0.701316,-1.125013,-0.230887,-6.449228,0.276204,3.470431,-9.625419,-1.370845,2.461147,6.750458,1.542218,-0.568247
2.320000,left,-83.833600,3.955100,88.799000,-1.011209,-1.106966,-0.050942,-6.251889,3.067378,5.279557,-7.846767,-0.509643,2.869452,7.934723,0.564158,-0.146176
2.360000,left,-86.491200,1.367300,88.960000,-1.328489,-0.891995,0.255908,-5.118237,6.004837,6.567916,-3.285748,1.465025,3.257782,4.365080,-1.306795,0.833692
0.000000,right,-90.000000,0.000000,90.000000,1.464910,-0.207256,-0.129908,9.013719,-5.226864,-0.270033,25.746797,10.503837,2.771634,37.716734,-2.176988,-0.360058
0.040000,right,-85.830300,-0.949100,89.590400,1.905597,-0.422361,-0.138139,7.157883,-3.224198,0.801860,26.037472,10.462307,3.044355,49.616930,-4.418871,-0.420543
0.080000,right,-80.990600,-2.027200,89.272700,2.158104,-0.478871,-0.069168,3.595492,-0.577349,1.980746,21.943124,8.721460,3.201394,47.355544,-4.176458,-0.221433
0.120000,right,-76.049100,-2.984300,89.278200,2.185988,-0.395351,0.066672,-0.167077,1.484099,2.763806,16.370530,6.282127,3.161237,35.785789,-2.483647,0.210765
0.160000,right,-71.274300,-3.720800,89.639600,2.072307,-0.261723,0.225732,-3.573373,2.652849,2.994071,10.598016,3.668091,2.960199,21.962343,-0.960022,0.668210
0.200000,right,-66.553300,-4.258500,90.310300,1.862453,-0.118516,0.363136,-6.415676,3.089443,2.632052,5.668695,1.309457,2.650790,10.557681,-0.155192,0.962597
0.240000,right,-62.830500,-4.186500,91.328900,1.534464,0.019746,0.459070,-8.684033,3.221757,2.029004,1.487143,-0.597678,2.290849,2.281966,-0.011802,1.051661
0.280000,right,-59.599700,-4.061100,92.440300,1.088023,0.160255,0.525271,-10.067979,3.006991,1.324304,-0.616406,-1.714686,1.936490,-0.670664,-0.274787,1.017182
0.320000,right,-57.629600,-3.565200,93.685800,0.582450,0.290321,0.563669,-10.148164,2.384244,0.571669,0.139444,-1.642618,1.681732,0.081219,-0.476886,0.947940
0.360000,right,-56.934700,-2.835300,94.951900,0.125088,0.384757,0.573465,-8.828783,1.438027,-0.197166,4.147800,-0.255169,1.566386,0.518840,-0.098178,0.898267
0.400000,right,-57.200500,-1.767900,96.308200,-0.205130,0.420366,0.549530,-7.471846,0.899567,-0.790874,8.083533,1.294502,1.542137,-1.658172,0.544165,0.847451
0.440000,right,-58.051100,-0.729100,97.529200,-0.419843,0.413121,0.494252,-5.847897,0.382164,-1.316652,12.410918,3.035835,1.554055,-5.210637,1.254167,0.768095
0.480000,right,-59.136400,0.139200,98.568100,-0.610987,0.421880,0.423902,-4.161257,-0.323061,-1.745879,16.450059,4.644997,1.572592,-10.050765,1.959632,0.666625
0.520000,right,-60.309900,0.813700,99.370500,-0.788849,0.439179,0.348923,-2.198314,-1.639670,-2.231389,20.503530,6.161284,1.577414,-16.174191,2.705907,0.550396
0.560000,right,-62.526100,1.953300,100.106900,-0.896593,0.406091,0.263210,0.213895,-3.440018,-2.685510,24.637412,7.797449,1.575696,-22.089724,3.166470,0.414740
0.600000,right,-64.803600,2.954900,100.622100,-0.854111,0.233917,0.143301,2.902838,-5.395783,-3.063128,29.301064,9.577903,1.550578,-25.026355,2.240439,0.222199
0.640000,right,-66.540100,3.250400,100.850500,-0.630964,-0.096600,-0.013482,5.565674,-6.812248,-3.106245,34.721889,11.544881,1.541806,-21.908271,-1.115236,-0.020787
0.680000,right,-67.501700,2.472100,100.600900,-0.270144,-0.500730,-0.171791,7.588105,-7.139013,-2.767674,39.790066,13.321659,1.605474,-10.749047,-6.670560,-0.275806
0.720000,right,-67.618600,0.780500,100.002900,0.103627,-0.830155,-0.289421,8.041581,-5.980034,-1.945313,42.170135,14.143479,1.763613,4.369944,-11.741272,-0.510427
0.760000,right,-67.036800,-1.453700,99.212200,0.449676,-1.025210,-0.345197,7.621276,-4.231266,-0.914253,43.000250,14.351257,1.958782,19.336199,-14.713058,-0.676165
0.800000,right,-65.649300,-3.885700,98.469100,0.760155,-1.133375,-0.347283,6.674713,-2.269001,0.179437,43.052244,14.198090,2.152147,32.726358,-16.091758,-0.747405
0.840000,right,-63.506100,-6.487100,97.699100,1.048143,-1.207853,-0.321846,4.814469,0.025788,1.270816,41.098934,13.249177,2.329045,43.077567,-16.003063,-0.749593
0.880000,right,-60.984200,-9.121400,97.064500,1.258118,-1.212600,-0.255712,1.928938,2.787174,2.283007,36.584565,11.359517,2.451858,46.027703,-13.774550,-0.626970
0.920000,right,-58.014200,-11.958200,96.540100,1.310444,-1.057104,-0.131356,-1.810123,5.554284,2.966344,29.512190,8.451160,2.454492,38.674084,-8.933757,-0.322411
0.960000,right,-54.878900,-14.290800,96.329000,1.161609,-0.712717,0.036642,-5.790977,7.612504,3.225145,20.974289,5.003454,2.302343,24.363928,-3.566046,0.084362
1.000000,right,-52.566500,-15.418300,96.669500,0.806196,-0.274221,0.203227,-9.367701,8.644244,2.900963,12.085322,1.565618,2.043195,9.743138,-0.429326,0.415232
1.040000,right,-51.339800,-15.254100,97.399300,0.278843,0.128729,0.321379,-11.994272,9.085107,2.307780,5.003648,-1.013516,1.806155,1.395231,-0.130469,0.580460
1.080000,right,-51.401700,-14.374700,98.216200,-0.332292,0.474040,0.380097,-12.806301,8.587265,1.586757,1.865843,-2.111189,1.704682,-0.620004,-1.000788,0.647944
1.120000,right,-52.813300,-13.177700,99.103800,-0.933573,0.793150,0.408416,-11.400216,7.434113,0.930384,4.201701,-1.181117,1.793359,-3.922594,-0.936803,0.732437
1.160000,right,-55.513300,-11.337500,99.961900,-1.442320,1.117120,0.440374,-8.201225,5.749091,0.392827,10.862567,1.456625,1.998486,-15.667293,1.627225,0.880082
1.200000,right,-59.340600,-8.145000,101.033100,-1.747224,1.394891,0.465010,-3.768176,3.440324,-0.160421,20.191944,5.344677,2.159991,-35.279844,7.455244,1.004418
1.240000,right,-63.633100,-4.618000,102.159800,-1.784740,1.511714,0.449358,0.917436,0.507064,-0.746076,29.199442,9.170424,2.153416,-52.113423,13.863058,0.967655
1.280000,right,-67.574700,-1.164300,103.176800,-1.566216,1.408396,0.389685,4.698914,-2.496503,-1.188066,35.281122,11.854696,1.986866,-55.257853,16.696110,0.774252
1.320000,right,-70.723000,1.748400,103.944000,-1.188491,1.167484,0.309865,6.624190,-4.822088,-1.521468,36.549591,12.668213,1.772350,-43.438873,14.789934,0.549189
1.360000,right,-72.950400,4.011700,104.495700,-0.806283,0.917379,0.233188,6.496509,-6.081375,-1.433618,33.079398,11.719607,1.633104,-26.671368,10.751323,0.380820
1.400000,right,-74.345100,5.742800,104.970100,-0.525418,0.653465,0.177348,4.955739,-6.814602,-1.077321,26.371507,9.544030,1.569031,-13.856063,6.236691,0.278265
1.440000,right,-75.252900,7.045300,105.420800,-0.376286,0.368156,0.147002,2.964862,-7.128407,-0.698639,19.123360,7.147308,1.555121,-7.195861,2.631322,0.228605
1.480000,right,-76.076100,7.617500,105.635800,-0.337328,0.050109,0.132682,1.240409,-7.083548,-0.500054,13.069947,5.138945,1.589755,-4.408853,0.257505,0.210931
1.520000,right,-76.897800,7.290400,105.929300,-0.358362,-0.276322,0.125661,0.153233,-6.512543,-0.526609,9.400708,3.945956,1.668715,-3.368859,-1.090354,0.209693
1.560000,right,-77.779500,6.269800,106.242000,-0.389736,-0.557148,0.119159,-0.269197,-5.249345,-0.751462,8.381223,3.701496,1.779304,-3.266464,-2.062283,0.212021
1.600000,right,-78.708000,4.750400,106.509800,-0.410518,-0.744574,0.097537,-0.284058,-3.372889,-1.194578,9.201159,4.101369,1.891973,-3.777246,-3.053773,0.184538
1.640000,right,-79.667600,2.923500,106.668400,-0.418661,-0.832204,0.037243,-0.263105,-1.364492,-1.917378,10.199040,4.497059,1.977245,-4.269936,-3.742471,0.073639
1.680000,right,-80.642800,0.980000,106.653600,-0.420185,-0.820757,-0.050025,-0.315356,0.120645,-2.717200,10.328997,4.468110,2.023358,-4.340086,-3.667233,-0.101218
1.720000,right,-81.618100,-0.888700,106.401000,-0.430833,-0.747033,-0.176373,-0.411276,0.936379,-3.463603,9.543973,4.027551,2.042919,-4.111862,-3.008712,-0.360315
1.760000,right,-82.577700,-2.491600,105.846500,-0.453897,-0.664286,-0.344746,-0.475534,1.188928,-3.950774,8.246748,3.378479,2.059311,-3.743174,-2.244275,-0.709938
1.800000,right,-83.649300,-3.776300,104.887500,-0.483813,-0.610561,-0.539556,-0.448025,1.153013,-3.990500,6.838700,2.725405,2.096878,-3.308651,-1.664025,-1.131383
1.840000,right,-84.829100,-5.150500,103.396200,-0.509636,-0.591407,-0.729762,-0.296697,1.175377,-3.476100,5.748473,2.197910,2.172463,-2.929628,-1.299860,-1.585380
1.880000,right,-86.017100,-6.549600,101.505600,-0.511741,-0.578437,-0.879375,-0.202252,1.566667,-2.416049,4.929027,1.822147,2.275065,-2.522385,-1.053997,-2.000635
1.920000,right,-87.192800,-7.849100,99.371900,-0.493532,-0.523621,-0.960672,-0.374398,2.448381,-0.935876,3.961817,1.486113,2.384790,-1.955283,-0.778160,-2.291000
1.960000,right,-88.336300,-8.924600,97.150900,-0.503749,-0.395671,-0.965245,-0.656125,3.596575,0.747703,3.155550,1.294915,2.495256,-1.589607,-0.512360,-2.408533
2.000000,right,-89.427200,-9.651500,94.998800,-0.561016,-0.213473,-0.894347,-0.641553,4.516760,2.300779,3.265605,1.476329,2.601604,-1.832055,-0.315157,-2.326736
2.040000,right,-90.708000,-9.905500,93.071600,-0.637298,0.007838,-0.751263,0.096376,5.010080,3.486090,5.226106,2.390365,2.711437,-3.330588,0.018737,-2.037003
2.080000,right,-92.324800,-9.615200,91.525200,-0.665445,0.243541,-0.558871,1.593394,4.970307,4.145908,8.865186,3.982507,2.812731,-5.899295,0.969904,-1.571955
2.120000,right,-93.878500,-8.793600,90.510900,-0.564637,0.464572,-0.349810,3.241290,4.358662,4.184942,12.448235,5.552521,2.859084,-7.028735,2.579545,-1.000137
2.160000,right,-95.040200,-7.497900,89.970400,-0.331491,0.643021,-0.159401,4.326879,3.236764,3.611526,13.923959,6.287205,2.830181,-4.615668,4.042806,-0.451133
2.200000,right,-95.481100,-5.870700,89.776000,-0.087513,0.774826,-0.014933,4.938651,1.419244,2.525904,13.623410,6.234108,2.746788,-1.192225,4.830349,-0.041018
2.240000,right,-95.164300,-4.054800,89.851800,0.090473,0.826092,0.063334,5.591641,-1.075519,1.227251,13.351905,6.060488,2.626561,1.207990,5.006521,0.166351
2.280000,right,-94.623300,-2.234600,90.053200,0.250625,0.737359,0.078407,6.823276,-3.700795,0.008238,15.090842,6.602117,2.510845,3.782145,4.868133,0.196867
2.320000,right,-94.117600,-0.582200,90.229300,0.512279,0.485977,0.029828,8.287141,-5.584137,-0.788517,18.513193,7.860228,2.458396,9.483924,3.819887,0.073329
2.360000,right,-92.750900,0.243200,90.203700,0.939282,0.132643,-0.057896,9.272442,-6.139134,-0.890888,22.705177,9.417605,2.540133,21.326574,1.249183,-0.147064
